{"cameraMode":{"drawMode":0,"name":"Shaded","section":"Shading Mode"},"sceneLighting":true,"audioPlay":false,"sceneViewState":{"showFog":true,"showMaterialUpdate":false,"showSkybox":true,"showFlares":true,"showImageEffects":true,"showParticleSystems":true},"in2DMode":false,"pivot":{"x":-166.66864013671876,"y":91.86184692382813,"z":225.41482543945313},"rotation":{"x":0.03063656948506832,"y":0.9167948365211487,"z":-0.07164778560400009,"w":0.39172351360321047},"size":7.0994462966918949,"orthographic":false}