{"cameraMode":{"drawMode":0,"name":"Shaded","section":"Shading Mode"},"sceneLighting":true,"audioPlay":false,"sceneViewState":{"showFog":true,"showMaterialUpdate":false,"showSkybox":true,"showFlares":true,"showImageEffects":true,"showParticleSystems":true},"in2DMode":false,"pivot":{"x":54.963768005371097,"y":1.8428502082824708,"z":64.4803237915039},"rotation":{"x":0.25779595971107485,"y":-0.20532068610191346,"z":0.05616135895252228,"w":0.9424717426300049},"size":8.143552780151368,"orthographic":false}