{"cameraMode":{"drawMode":0,"name":"Shaded","section":"Shading Mode"},"sceneLighting":true,"audioPlay":false,"sceneViewState":{"showFog":true,"showMaterialUpdate":false,"showSkybox":true,"showFlares":true,"showImageEffects":true,"showParticleSystems":true},"in2DMode":false,"pivot":{"x":5.994842529296875,"y":-5.682655334472656,"z":28.208694458007814},"rotation":{"x":0.327821284532547,"y":-0.05098466947674751,"z":0.017717422917485238,"w":0.9432049989700317},"size":14.697554588317871,"orthographic":false}