{"cameraMode":{"drawMode":0,"name":"Shaded","section":"Shading Mode"},"sceneLighting":true,"audioPlay":false,"sceneViewState":{"showFog":true,"showMaterialUpdate":false,"showSkybox":true,"showFlares":true,"showImageEffects":true,"showParticleSystems":true},"in2DMode":false,"pivot":{"x":19.358409881591798,"y":-34.27645492553711,"z":85.98157501220703},"rotation":{"x":0.23332573473453523,"y":-0.005834564566612244,"z":0.0013999150833114982,"w":0.9723840951919556},"size":36.28150939941406,"orthographic":false}