{"cameraMode":{"drawMode":0,"name":"Shaded","section":"Shading Mode"},"sceneLighting":true,"audioPlay":false,"sceneViewState":{"showFog":true,"showMaterialUpdate":false,"showSkybox":true,"showFlares":true,"showImageEffects":true,"showParticleSystems":true},"in2DMode":false,"pivot":{"x":41.40269470214844,"y":-1.0749874114990235,"z":34.429908752441409},"rotation":{"x":0.39378803968429568,"y":-0.31586796045303347,"z":0.14620138704776765,"w":0.8507622480392456},"size":15.932499885559082,"orthographic":false}