{"cameraMode":{"drawMode":0,"name":"Shaded","section":"Shading Mode"},"sceneLighting":true,"audioPlay":false,"sceneViewState":{"showFog":true,"showMaterialUpdate":false,"showSkybox":true,"showFlares":true,"showImageEffects":true,"showParticleSystems":true},"in2DMode":false,"pivot":{"x":55.105194091796878,"y":1.8226304054260255,"z":64.5318374633789},"rotation":{"x":0.25779595971107485,"y":-0.20532068610191346,"z":0.05616135895252228,"w":0.9424717426300049},"size":0.17186158895492555,"orthographic":false}